filename,width,height,class,xmin,ymin,xmax,ymax
IMG_20180622_210741.jpg,864,1152,daun,308,549,342,580
IMG_20180622_210741.jpg,864,1152,daun,344,458,362,511
IMG_20180622_210741.jpg,864,1152,daun,341,528,364,555
IMG_20180622_210741.jpg,864,1152,daun,451,458,496,525
IMG_20180622_210741.jpg,864,1152,daun,366,481,384,515
IMG_20180622_210741.jpg,864,1152,daun,384,499,397,523
IMG_20180622_210741.jpg,864,1152,daun,419,525,436,566
IMG_20180622_210741.jpg,864,1152,daun,421,500,437,527
IMG_20180622_210741.jpg,864,1152,daun,528,484,551,511
IMG_20180622_210741.jpg,864,1152,daun,515,490,535,508
IMG_20180622_210741.jpg,864,1152,daun,542,496,569,515
IMG_20180622_210741.jpg,864,1152,daun,556,510,580,525
IMG_20180622_210741.jpg,864,1152,daun,363,588,378,610
IMG_20180622_210741.jpg,864,1152,daun,418,565,435,605
IMG_20180622_210741.jpg,864,1152,daun,526,590,569,602
IMG_20180622_210741.jpg,864,1152,daun,460,526,473,553
IMG_20180622_210741.jpg,864,1152,daun,448,563,456,574
IMG_20180622_210741.jpg,864,1152,daun,488,584,504,597
IMG_20180622_210741.jpg,864,1152,daun,493,595,509,608
IMG_20180622_210750.jpg,1152,864,daun,465,286,518,326
IMG_20180622_210750.jpg,1152,864,daun,540,190,573,222
IMG_20180622_210750.jpg,1152,864,daun,529,208,553,248
IMG_20180622_210750.jpg,1152,864,daun,509,278,533,289
IMG_20180622_210750.jpg,1152,864,daun,504,196,519,232
IMG_20180622_210750.jpg,1152,864,daun,509,231,536,258
IMG_20180622_210750.jpg,1152,864,daun,589,208,605,240
IMG_20180622_210750.jpg,1152,864,daun,605,169,614,223
IMG_20180622_210750.jpg,1152,864,daun,620,265,631,286
IMG_20180622_210750.jpg,1152,864,daun,702,284,746,296
IMG_20180622_210750.jpg,1152,864,daun,727,218,751,234
IMG_20180622_210750.jpg,1152,864,daun,696,183,709,197
IMG_20180622_210750.jpg,1152,864,daun,617,188,663,241
IMG_20180622_210750.jpg,1152,864,daun,712,182,723,195
IMG_20180622_210750.jpg,1152,864,daun,708,195,721,211
IMG_20180622_210750.jpg,1152,864,daun,715,201,743,224
IMG_20180622_210750.jpg,1152,864,daun,751,220,798,238
IMG_20180622_210750.jpg,1152,864,daun,730,239,765,257
IMG_20180622_210750.jpg,1152,864,daun,625,310,672,341
IMG_20180622_210750.jpg,1152,864,daun,677,242,708,246
IMG_20180622_210814.jpg,1152,864,daun,501,343,561,393
IMG_20180622_210814.jpg,1152,864,daun,692,101,719,177
IMG_20180622_210814.jpg,1152,864,daun,399,224,485,253
IMG_20180622_210814.jpg,1152,864,daun,432,254,464,270
IMG_20180622_210814.jpg,1152,864,daun,463,111,505,184
IMG_20180622_210814.jpg,1152,864,daun,478,184,507,213
IMG_20180622_210814.jpg,1152,864,daun,540,141,577,226
IMG_20180622_210814.jpg,1152,864,daun,608,160,634,232
IMG_20180622_210814.jpg,1152,864,daun,584,229,611,250
IMG_20180622_210814.jpg,1152,864,daun,645,229,663,259
IMG_20180622_210814.jpg,1152,864,daun,549,295,570,321
IMG_20180622_210814.jpg,1152,864,daun,565,292,577,318
IMG_20180622_210814.jpg,1152,864,daun,577,281,591,327
IMG_20180622_210814.jpg,1152,864,daun,589,287,601,329
IMG_20180622_210814.jpg,1152,864,daun,591,250,614,333
IMG_20180622_210814.jpg,1152,864,daun,663,241,673,260
IMG_20180622_210814.jpg,1152,864,daun,677,169,694,202
IMG_20180622_210814.jpg,1152,864,daun,710,163,724,210
IMG_20180622_210814.jpg,1152,864,daun,868,256,903,330
IMG_20180622_210814.jpg,1152,864,daun,616,232,644,264
IMG_20180622_210814.jpg,1152,864,daun,806,138,834,187
IMG_20180622_210814.jpg,1152,864,daun,714,209,740,250
IMG_20180622_210814.jpg,1152,864,daun,762,185,783,203
IMG_20180622_210814.jpg,1152,864,daun,795,231,836,249
IMG_20180622_210814.jpg,1152,864,daun,782,254,809,266
IMG_20180622_210814.jpg,1152,864,daun,800,269,838,283
IMG_20180622_210814.jpg,1152,864,daun,822,280,871,299
IMG_20180622_210814.jpg,1152,864,daun,806,302,843,311
IMG_20180622_210814.jpg,1152,864,daun,828,277,859,287
IMG_20180622_210814.jpg,1152,864,daun,680,231,691,258
IMG_20180622_210814.jpg,1152,864,daun,741,202,761,218
IMG_20180622_210814.jpg,1152,864,daun,636,268,652,289
IMG_20180622_210814.jpg,1152,864,daun,659,257,673,292
IMG_20180622_210814.jpg,1152,864,daun,673,247,681,263
IMG_20180622_210814.jpg,1152,864,daun,723,266,736,297
IMG_20180622_210827.jpg,1152,864,daun,391,258,414,316
IMG_20180622_210827.jpg,1152,864,daun,705,61,728,150
IMG_20180622_210827.jpg,1152,864,daun,575,104,588,141
IMG_20180622_210827.jpg,1152,864,daun,735,326,867,374
IMG_20180622_210827.jpg,1152,864,daun,766,127,799,184
IMG_20180622_210827.jpg,1152,864,daun,439,147,475,186
IMG_20180622_210827.jpg,1152,864,daun,466,137,492,168
IMG_20180622_210827.jpg,1152,864,daun,486,132,506,159
IMG_20180622_210827.jpg,1152,864,daun,500,144,546,182
IMG_20180622_210827.jpg,1152,864,daun,529,123,555,166
IMG_20180622_210827.jpg,1152,864,daun,554,132,576,164
IMG_20180622_210827.jpg,1152,864,daun,489,223,514,249
IMG_20180622_210827.jpg,1152,864,daun,449,308,494,320
IMG_20180622_210827.jpg,1152,864,daun,439,285,485,296
IMG_20180622_210827.jpg,1152,864,daun,426,271,484,281
IMG_20180622_210827.jpg,1152,864,daun,788,163,827,184
IMG_20180622_210827.jpg,1152,864,daun,792,175,835,217
IMG_20180622_210827.jpg,1152,864,daun,779,256,823,272
IMG_20180622_210827.jpg,1152,864,daun,713,163,725,228
IMG_20180622_210827.jpg,1152,864,daun,647,244,657,268
IMG_20180622_210827.jpg,1152,864,daun,576,140,618,198
IMG_20180622_210827.jpg,1152,864,daun,458,239,485,251
IMG_20180622_210827.jpg,1152,864,daun,588,289,619,333
IMG_20180622_210836.jpg,1152,864,daun,288,391,342,502
IMG_20180622_210836.jpg,1152,864,daun,561,176,591,269
IMG_20180622_210836.jpg,1152,864,daun,733,140,783,278
IMG_20180622_210836.jpg,1152,864,daun,778,492,961,571
IMG_20180622_210836.jpg,1152,864,daun,391,463,441,473
IMG_20180622_210836.jpg,1152,864,daun,409,330,450,373
IMG_20180622_210836.jpg,1152,864,daun,487,223,529,271
IMG_20180622_210836.jpg,1152,864,daun,527,245,558,265
IMG_20180622_210836.jpg,1152,864,daun,824,197,866,282
IMG_20180622_210836.jpg,1152,864,daun,850,254,912,297
IMG_20180622_210836.jpg,1152,864,daun,868,300,893,311
IMG_20180622_210836.jpg,1152,864,daun,889,287,924,318
IMG_20180622_210836.jpg,1152,864,daun,845,360,888,382
IMG_20180622_210836.jpg,1152,864,daun,846,403,904,430
IMG_20180622_210836.jpg,1152,864,daun,841,384,875,412
IMG_20180622_210836.jpg,1152,864,daun,732,408,748,431
IMG_20180622_210836.jpg,1152,864,daun,574,453,617,509
IMG_20180622_210836.jpg,1152,864,daun,656,379,673,418
IMG_20180622_210836.jpg,1152,864,daun,396,413,432,425
IMG_20180622_210836.jpg,1152,864,daun,341,422,408,452
IMG_20180622_210836.jpg,1152,864,daun,442,372,477,400
IMG_20180622_210836.jpg,1152,864,daun,526,339,567,396
IMG_20180622_210836.jpg,1152,864,daun,712,275,752,353
IMG_20180622_210836.jpg,1152,864,daun,719,425,732,451
IMG_20180622_210836.jpg,1152,864,daun,819,412,837,438
IMG_20180622_210845.jpg,864,1152,daun,354,449,377,547
IMG_20180622_210845.jpg,864,1152,daun,121,643,163,725
IMG_20180622_210845.jpg,864,1152,daun,182,521,237,553
IMG_20180622_210845.jpg,864,1152,daun,198,553,255,572
IMG_20180622_210845.jpg,864,1152,daun,316,521,358,562
IMG_20180622_210845.jpg,864,1152,daun,286,503,319,540
IMG_20180622_210845.jpg,864,1152,daun,328,561,373,596
IMG_20180622_210845.jpg,864,1152,daun,356,683,392,725
IMG_20180622_210845.jpg,864,1152,daun,487,432,519,522
IMG_20180622_210845.jpg,864,1152,daun,565,458,608,529
IMG_20180622_210845.jpg,864,1152,daun,591,510,639,544
IMG_20180622_210845.jpg,864,1152,daun,412,612,419,626
IMG_20180622_210845.jpg,864,1152,daun,494,642,505,659
IMG_20180622_210845.jpg,864,1152,daun,448,547,485,611
IMG_20180622_210845.jpg,864,1152,daun,585,635,633,655
IMG_20180622_210845.jpg,864,1152,daun,574,612,620,637
IMG_20180622_210845.jpg,864,1152,daun,584,590,634,611
IMG_20180622_210845.jpg,864,1152,daun,611,541,644,569
IMG_20180622_210845.jpg,864,1152,daun,573,556,609,581
IMG_20180622_210845.jpg,864,1152,daun,208,688,245,697
IMG_20180622_210845.jpg,864,1152,daun,212,647,249,657
IMG_20180622_210845.jpg,864,1152,daun,243,616,275,631
IMG_20180622_210845.jpg,864,1152,daun,235,523,270,549
IMG_20180622_210845.jpg,864,1152,daun,252,546,295,568
IMG_20180622_210845.jpg,864,1152,daun,162,660,221,686
IMG_20180622_210845.jpg,864,1152,daun,426,618,441,649
IMG_20180622_210845.jpg,864,1152,daun,512,498,525,566
IMG_20180622_212150.jpg,864,1152,daun,234,533,332,558
IMG_20180622_212150.jpg,864,1152,daun,414,247,434,390
IMG_20180622_212150.jpg,864,1152,daun,285,284,332,359
IMG_20180622_212150.jpg,864,1152,daun,275,369,306,400
IMG_20180622_212150.jpg,864,1152,daun,468,380,487,449
IMG_20180622_212150.jpg,864,1152,daun,447,300,460,444
IMG_20180622_212150.jpg,864,1152,daun,434,316,449,363
IMG_20180622_212150.jpg,864,1152,daun,372,363,382,392
IMG_20180622_212150.jpg,864,1152,daun,289,454,308,476
IMG_20180622_212150.jpg,864,1152,daun,489,411,516,449
IMG_20180622_212150.jpg,864,1152,daun,571,415,613,435
IMG_20180622_212150.jpg,864,1152,daun,511,434,531,463
IMG_20180622_212150.jpg,864,1152,daun,330,327,358,375
IMG_20180622_212150.jpg,864,1152,daun,285,399,309,426
IMG_20180622_212150.jpg,864,1152,daun,247,389,288,424
IMG_20180622_212150.jpg,864,1152,daun,259,388,287,410
IMG_20180622_212150.jpg,864,1152,daun,438,454,476,511
IMG_20180622_212150.jpg,864,1152,daun,394,468,429,500
IMG_20180622_212150.jpg,864,1152,daun,362,470,375,495
IMG_20180622_212150.jpg,864,1152,daun,427,546,449,569
IMG_20180622_212150.jpg,864,1152,daun,501,526,519,553
IMG_20180622_212150.jpg,864,1152,daun,397,397,408,426
IMG_20180622_212150.jpg,864,1152,daun,449,439,465,463
IMG_20180622_212150.jpg,864,1152,daun,494,465,538,485
IMG_20180622_212150.jpg,864,1152,daun,511,489,533,516
IMG_20180622_212150.jpg,864,1152,daun,464,507,481,542
IMG_20180622_212154.jpg,1152,864,daun,406,415,510,436
IMG_20180622_212154.jpg,1152,864,daun,450,241,478,273
IMG_20180622_212154.jpg,1152,864,daun,476,173,533,269
IMG_20180622_212154.jpg,1152,864,daun,589,119,608,273
IMG_20180622_212154.jpg,1152,864,daun,607,193,633,266
IMG_20180622_212154.jpg,1152,864,daun,633,191,649,290
IMG_20180622_212154.jpg,1152,864,daun,656,271,674,359
IMG_20180622_212154.jpg,1152,864,daun,429,264,466,303
IMG_20180622_212154.jpg,1152,864,daun,446,269,468,297
IMG_20180622_212154.jpg,1152,864,daun,467,332,490,356
IMG_20180622_212154.jpg,1152,864,daun,469,345,492,360
IMG_20180622_212154.jpg,1152,864,daun,560,255,569,287
IMG_20180622_212154.jpg,1152,864,daun,682,310,709,343
IMG_20180622_212154.jpg,1152,864,daun,701,325,721,356
IMG_20180622_212154.jpg,1152,864,daun,602,325,643,395
IMG_20180622_212154.jpg,1152,864,daun,611,271,627,302
IMG_20180622_212154.jpg,1152,864,daun,718,317,809,362
IMG_20180622_212154.jpg,1152,864,daun,516,310,528,326
IMG_20180622_212154.jpg,1152,864,daun,597,435,617,456
IMG_20180622_212154.jpg,1152,864,daun,639,394,657,441
IMG_20180622_212200.jpg,864,1152,daun,193,586,305,612
IMG_20180622_212200.jpg,864,1152,daun,265,347,331,442
IMG_20180622_212200.jpg,864,1152,daun,328,426,346,452
IMG_20180622_212200.jpg,864,1152,daun,393,520,419,570
IMG_20180622_212200.jpg,864,1152,daun,499,465,590,515
IMG_20180622_212200.jpg,864,1152,daun,438,430,458,513
IMG_20180622_212200.jpg,864,1152,daun,464,462,490,496
IMG_20180622_212200.jpg,864,1152,daun,484,483,500,512
IMG_20180622_212200.jpg,864,1152,daun,369,332,390,427
IMG_20180622_212200.jpg,864,1152,daun,390,384,411,425
IMG_20180622_212200.jpg,864,1152,daun,418,356,434,476
IMG_20180622_212200.jpg,864,1152,daun,401,425,413,458
IMG_20180622_212200.jpg,864,1152,daun,404,433,420,458
IMG_20180622_212200.jpg,864,1152,daun,359,429,378,468
IMG_20180622_212200.jpg,864,1152,daun,344,404,362,455
IMG_20180622_212200.jpg,864,1152,daun,341,435,366,464
IMG_20180622_212200.jpg,864,1152,daun,344,527,374,598
IMG_20180622_212200.jpg,864,1152,daun,260,506,289,535
IMG_20180622_212200.jpg,864,1152,daun,267,446,299,490
IMG_20180622_212200.jpg,864,1152,daun,218,449,260,481
IMG_20180622_212200.jpg,864,1152,daun,235,434,276,474
IMG_20180622_212200.jpg,864,1152,daun,391,598,409,617
IMG_20180622_212200.jpg,864,1152,daun,469,570,486,603
IMG_20180622_212208.jpg,1152,864,daun,396,388,536,410
IMG_20180622_212208.jpg,1152,864,daun,494,176,537,234
IMG_20180622_212208.jpg,1152,864,daun,541,136,570,220
IMG_20180622_212208.jpg,1152,864,daun,562,105,590,199
IMG_20180622_212208.jpg,1152,864,daun,480,325,509,354
IMG_20180622_212208.jpg,1152,864,daun,824,316,920,347
IMG_20180622_212208.jpg,1152,864,daun,618,176,653,249
IMG_20180622_212208.jpg,1152,864,daun,707,157,738,247
IMG_20180622_212208.jpg,1152,864,daun,455,212,517,281
IMG_20180622_212208.jpg,1152,864,daun,516,237,536,272
IMG_20180622_212208.jpg,1152,864,daun,663,245,675,290
IMG_20180622_212208.jpg,1152,864,daun,648,232,668,268
IMG_20180622_212208.jpg,1152,864,daun,495,306,518,327
IMG_20180622_212208.jpg,1152,864,daun,537,329,569,379
IMG_20180622_212208.jpg,1152,864,daun,605,425,622,451
IMG_20180622_212208.jpg,1152,864,daun,625,328,650,366
IMG_20180622_212208.jpg,1152,864,daun,672,267,685,299
IMG_20180622_212208.jpg,1152,864,daun,716,249,733,269
IMG_20180622_212208.jpg,1152,864,daun,718,255,736,273
IMG_20180622_212208.jpg,1152,864,daun,769,298,801,324
IMG_20180622_212208.jpg,1152,864,daun,791,307,830,339
IMG_20180622_212208.jpg,1152,864,daun,701,387,738,412
IMG_20180622_212208.jpg,1152,864,daun,508,330,523,358
IMG_20180622_212208.jpg,1152,864,daun,633,399,651,447
IMG_20180622_212208.jpg,1152,864,daun,685,344,708,388
IMG_20180622_212208.jpg,1152,864,daun,632,249,665,311
IMG_20180622_212208.jpg,1152,864,daun,727,255,743,319
IMG_20180622_212208.jpg,1152,864,daun,605,359,619,373
IMG_20180622_212208.jpg,1152,864,daun,661,385,679,443
IMG_20180622_212208.jpg,1152,864,daun,708,343,724,360
IMG_20180622_212208.jpg,1152,864,daun,753,320,780,353
IMG_20180622_212215.jpg,864,1152,daun,117,653,270,711
IMG_20180622_212215.jpg,864,1152,daun,303,663,348,734
IMG_20180622_212215.jpg,864,1152,daun,139,496,221,550
IMG_20180622_212215.jpg,864,1152,daun,171,452,243,505
IMG_20180622_212215.jpg,864,1152,daun,156,477,229,519
IMG_20180622_212215.jpg,864,1152,daun,233,416,279,475
IMG_20180622_212215.jpg,864,1152,daun,219,344,270,449
IMG_20180622_212215.jpg,864,1152,daun,263,301,329,472
IMG_20180622_212215.jpg,864,1152,daun,185,612,254,632
IMG_20180622_212215.jpg,864,1152,daun,246,593,270,624
IMG_20180622_212215.jpg,864,1152,daun,453,300,468,399
IMG_20180622_212215.jpg,864,1152,daun,495,408,517,457
IMG_20180622_212215.jpg,864,1152,daun,414,362,432,434
IMG_20180622_212215.jpg,864,1152,daun,546,429,578,480
IMG_20180622_212215.jpg,864,1152,daun,385,691,405,720
IMG_20180622_212215.jpg,864,1152,daun,358,369,373,420
IMG_20180622_212215.jpg,864,1152,daun,392,355,408,422
IMG_20180622_212215.jpg,864,1152,daun,387,375,396,395
IMG_20180622_212215.jpg,864,1152,daun,472,355,489,383
IMG_20180622_212215.jpg,864,1152,daun,482,363,497,389
IMG_20180622_212215.jpg,864,1152,daun,598,437,712,495
IMG_20180622_212215.jpg,864,1152,daun,591,492,622,529
IMG_20180622_212215.jpg,864,1152,daun,546,500,564,545
IMG_20180622_212215.jpg,864,1152,daun,497,569,543,580
IMG_20180622_212215.jpg,864,1152,daun,460,540,486,616
IMG_20180622_212215.jpg,864,1152,daun,363,590,396,622
IMG_20180622_212215.jpg,864,1152,daun,349,594,377,625
IMG_20180622_212215.jpg,864,1152,daun,574,477,586,491
IMG_20180622_212215.jpg,864,1152,daun,512,478,527,496
IMG_20180622_212215.jpg,864,1152,daun,510,496,529,511
IMG_20180622_212215.jpg,864,1152,daun,437,627,461,667
IMG_20180622_212215.jpg,864,1152,daun,384,509,414,546
IMG_20180622_212215.jpg,864,1152,daun,395,551,424,570
IMG_20180622_212215.jpg,864,1152,daun,273,646,313,695
IMG_20180622_212215.jpg,864,1152,daun,425,397,437,454
IMG_20180622_212219.jpg,1152,864,daun,587,153,605,260
IMG_20180622_212219.jpg,1152,864,daun,395,119,438,242
IMG_20180622_212219.jpg,1152,864,daun,437,145,476,253
IMG_20180622_212219.jpg,1152,864,daun,346,212,409,268
IMG_20180622_212219.jpg,1152,864,daun,410,248,447,295
IMG_20180622_212219.jpg,1152,864,daun,285,422,444,445
IMG_20180622_212219.jpg,1152,864,daun,504,448,523,477
IMG_20180622_212219.jpg,1152,864,daun,353,360,402,397
IMG_20180622_212219.jpg,1152,864,daun,385,335,413,359
IMG_20180622_212219.jpg,1152,864,daun,320,256,390,326
IMG_20180622_212219.jpg,1152,864,daun,345,267,405,324
IMG_20180622_212219.jpg,1152,864,daun,716,283,818,337
IMG_20180622_212219.jpg,1152,864,daun,661,277,701,320
IMG_20180622_212219.jpg,1152,864,daun,565,229,580,274
IMG_20180622_212219.jpg,1152,864,daun,499,184,522,236
IMG_20180622_212219.jpg,1152,864,daun,511,227,532,290
IMG_20180622_212219.jpg,1152,864,daun,538,217,559,268
IMG_20180622_212219.jpg,1152,864,daun,615,227,632,249
IMG_20180622_212219.jpg,1152,864,daun,622,231,639,255
IMG_20180622_212219.jpg,1152,864,daun,528,426,551,470
IMG_20180622_212219.jpg,1152,864,daun,406,382,485,420
IMG_20180622_212219.jpg,1152,864,daun,486,372,508,400
IMG_20180622_212219.jpg,1152,864,daun,502,375,522,400
IMG_20180622_212219.jpg,1152,864,daun,518,383,539,402
IMG_20180622_212219.jpg,1152,864,daun,624,246,640,313
IMG_20180622_212219.jpg,1152,864,daun,633,370,687,428
IMG_20180622_212219.jpg,1152,864,daun,614,361,643,385
IMG_20180622_212219.jpg,1152,864,daun,682,306,716,361
IMG_20180622_212219.jpg,1152,864,daun,584,348,607,413
IMG_20180622_212219.jpg,1152,864,daun,591,396,632,434
IMG_20180622_212219.jpg,1152,864,daun,399,358,416,382
IMG_20180622_212219.jpg,1152,864,daun,548,335,579,402
IMG_20180622_212441.jpg,864,1152,daun,172,502,317,515
IMG_20180622_212441.jpg,864,1152,daun,201,196,262,304
IMG_20180622_212441.jpg,864,1152,daun,195,297,241,335
IMG_20180622_212441.jpg,864,1152,daun,203,337,233,367
IMG_20180622_212441.jpg,864,1152,daun,314,264,332,346
IMG_20180622_212441.jpg,864,1152,daun,479,244,502,364
IMG_20180622_212441.jpg,864,1152,daun,396,379,414,421
IMG_20180622_212441.jpg,864,1152,daun,605,376,723,441
IMG_20180622_212441.jpg,864,1152,daun,529,394,541,439
IMG_20180622_212441.jpg,864,1152,daun,554,372,572,411
IMG_20180622_212441.jpg,864,1152,daun,366,487,399,540
IMG_20180622_212441.jpg,864,1152,daun,388,463,403,487
IMG_20180622_212441.jpg,864,1152,daun,510,335,523,391
IMG_20180622_212441.jpg,864,1152,daun,542,347,577,373
IMG_20180622_212441.jpg,864,1152,daun,591,461,607,497
IMG_20180622_212441.jpg,864,1152,daun,347,450,374,484
IMG_20180622_212441.jpg,864,1152,daun,188,401,259,425
IMG_20180622_212441.jpg,864,1152,daun,201,423,259,451
IMG_20180622_212441.jpg,864,1152,daun,445,343,465,363
IMG_20180622_212441.jpg,864,1152,daun,461,333,484,366
IMG_20180622_212441.jpg,864,1152,daun,573,373,607,415
IMG_20180622_212441.jpg,864,1152,daun,516,420,528,439
IMG_20180622_212441.jpg,864,1152,daun,450,466,481,514
IMG_20180622_212441.jpg,864,1152,daun,493,352,510,390
IMG_20180622_212445.jpg,1152,864,daun,380,149,431,233
IMG_20180622_212445.jpg,1152,864,daun,377,230,415,264
IMG_20180622_212445.jpg,1152,864,daun,388,264,412,293
IMG_20180622_212445.jpg,1152,864,daun,370,399,485,414
IMG_20180622_212445.jpg,1152,864,daun,486,196,531,326
IMG_20180622_212445.jpg,1152,864,daun,619,174,637,268
IMG_20180622_212445.jpg,1152,864,daun,731,348,752,396
IMG_20180622_212445.jpg,1152,864,daun,733,274,825,342
IMG_20180622_212445.jpg,1152,864,daun,689,260,717,288
IMG_20180622_212445.jpg,1152,864,daun,564,299,581,326
IMG_20180622_212445.jpg,1152,864,daun,542,303,566,330
IMG_20180622_212445.jpg,1152,864,daun,687,379,739,388
IMG_20180622_212445.jpg,1152,864,daun,361,308,433,326
IMG_20180622_212445.jpg,1152,864,daun,374,327,410,341
IMG_20180622_212445.jpg,1152,864,daun,661,296,670,337
IMG_20180622_212445.jpg,1152,864,daun,675,272,690,321
IMG_20180622_212445.jpg,1152,864,daun,706,277,733,312
IMG_20180622_212445.jpg,1152,864,daun,710,361,740,370
IMG_20180622_212445.jpg,1152,864,daun,594,264,619,282
IMG_20180622_212445.jpg,1152,864,daun,644,251,656,285
IMG_20180622_212445.jpg,1152,864,daun,648,268,663,290
IMG_20180622_212445.jpg,1152,864,daun,508,347,522,371
IMG_20180622_212445.jpg,1152,864,daun,540,359,554,383
IMG_20180622_212445.jpg,1152,864,daun,516,377,543,415
IMG_20180622_212448.jpg,1152,864,daun,269,453,374,473
IMG_20180622_212448.jpg,1152,864,daun,324,385,441,435
IMG_20180622_212448.jpg,1152,864,daun,426,360,452,392
IMG_20180622_212448.jpg,1152,864,daun,397,258,452,307
IMG_20180622_212448.jpg,1152,864,daun,479,238,506,299
IMG_20180622_212448.jpg,1152,864,daun,556,184,587,306
IMG_20180622_212448.jpg,1152,864,daun,445,490,508,594
IMG_20180622_212448.jpg,1152,864,daun,422,506,452,555
IMG_20180622_212448.jpg,1152,864,daun,416,503,448,531
IMG_20180622_212448.jpg,1152,864,daun,335,469,396,499
IMG_20180622_212448.jpg,1152,864,daun,523,244,540,287
IMG_20180622_212448.jpg,1152,864,daun,528,287,551,313
IMG_20180622_212448.jpg,1152,864,daun,580,273,595,290
IMG_20180622_212448.jpg,1152,864,daun,515,453,558,465
IMG_20180622_212448.jpg,1152,864,daun,510,422,526,442
IMG_20180622_212448.jpg,1152,864,daun,432,317,452,349
IMG_20180622_212448.jpg,1152,864,daun,454,282,478,314
IMG_20180622_212448.jpg,1152,864,daun,512,305,530,330
IMG_20180622_212448.jpg,1152,864,daun,477,393,524,404
IMG_20180622_212448.jpg,1152,864,daun,526,310,551,334
IMG_20180622_212448.jpg,1152,864,daun,548,378,567,415
IMG_20180622_212504.jpg,864,1152,daun,293,314,359,467
IMG_20180622_212504.jpg,864,1152,daun,302,415,337,474
IMG_20180622_212504.jpg,864,1152,daun,245,431,311,496
IMG_20180622_212504.jpg,864,1152,daun,226,472,278,532
IMG_20180622_212504.jpg,864,1152,daun,208,518,258,582
IMG_20180622_212504.jpg,864,1152,daun,257,540,289,586
IMG_20180622_212504.jpg,864,1152,daun,388,420,426,552
IMG_20180622_212504.jpg,864,1152,daun,166,685,318,706
IMG_20180622_212504.jpg,864,1152,daun,435,523,473,603
IMG_20180622_212504.jpg,864,1152,daun,471,528,497,605
IMG_20180622_212504.jpg,864,1152,daun,531,578,549,606
IMG_20180622_212504.jpg,864,1152,daun,555,558,597,612
IMG_20180622_212504.jpg,864,1152,daun,578,576,644,607
IMG_20180622_212504.jpg,864,1152,daun,502,575,530,618
IMG_20180622_212504.jpg,864,1152,daun,408,552,421,601
IMG_20180622_212504.jpg,864,1152,daun,371,553,398,694
IMG_20180622_212504.jpg,864,1152,daun,255,599,287,636
IMG_20180622_212504.jpg,864,1152,daun,259,594,298,619
IMG_20180622_212504.jpg,864,1152,daun,321,477,339,633
IMG_20180622_212504.jpg,864,1152,daun,439,450,461,571
IMG_20180622_212504.jpg,864,1152,daun,455,657,464,716
IMG_20180622_212504.jpg,864,1152,daun,500,642,541,682
IMG_20180622_212509.jpg,1152,864,daun,491,193,561,290
IMG_20180622_212509.jpg,1152,864,daun,506,287,550,347
IMG_20180622_212509.jpg,1152,864,daun,419,286,505,363
IMG_20180622_212509.jpg,1152,864,daun,438,343,501,407
IMG_20180622_212509.jpg,1152,864,daun,408,518,502,553
IMG_20180622_212509.jpg,1152,864,daun,561,410,609,528
IMG_20180622_212509.jpg,1152,864,daun,409,371,460,421
IMG_20180622_212509.jpg,1152,864,daun,407,391,445,413
IMG_20180622_212509.jpg,1152,864,daun,425,412,460,442
IMG_20180622_212509.jpg,1152,864,daun,438,384,478,434
IMG_20180622_212509.jpg,1152,864,daun,623,359,651,411
IMG_20180622_212509.jpg,1152,864,daun,735,396,777,418
IMG_20180622_212509.jpg,1152,864,daun,715,387,745,420
IMG_20180622_212509.jpg,1152,864,daun,679,406,700,439
IMG_20180622_212509.jpg,1152,864,daun,620,386,678,461
IMG_20180622_212509.jpg,1152,864,daun,579,282,607,381
IMG_20180622_212509.jpg,1152,864,daun,520,343,535,433
IMG_20180622_212509.jpg,1152,864,daun,476,443,522,490
IMG_20180622_212509.jpg,1152,864,daun,678,461,712,522
IMG_20180623_090240.jpg,864,1152,daun,208,444,312,471
IMG_20180623_090240.jpg,864,1152,daun,301,421,331,458
IMG_20180623_090240.jpg,864,1152,daun,549,334,590,372
IMG_20180623_090240.jpg,864,1152,daun,375,363,400,401
IMG_20180623_090240.jpg,864,1152,daun,398,366,420,414
IMG_20180623_090240.jpg,864,1152,daun,428,303,454,371
IMG_20180623_090240.jpg,864,1152,daun,331,459,360,532
IMG_20180623_090240.jpg,864,1152,daun,343,442,355,464
IMG_20180623_090240.jpg,864,1152,daun,280,474,318,501
IMG_20180623_090240.jpg,864,1152,daun,438,376,459,406
IMG_20180623_090240.jpg,864,1152,daun,451,401,467,431
IMG_20180623_090240.jpg,864,1152,daun,464,393,492,422
IMG_20180623_090240.jpg,864,1152,daun,535,474,570,502
IMG_20180623_090240.jpg,864,1152,daun,567,417,612,449
IMG_20180623_090240.jpg,864,1152,daun,555,411,600,441
IMG_20180623_090240.jpg,864,1152,daun,537,402,568,444
IMG_20180623_090240.jpg,864,1152,daun,499,380,516,414
IMG_20180623_090240.jpg,864,1152,daun,493,408,524,449
IMG_20180623_090240.jpg,864,1152,daun,514,369,551,409
IMG_20180623_090240.jpg,864,1152,daun,521,302,575,364
IMG_20180623_090240.jpg,864,1152,daun,470,437,482,466
IMG_20180623_090257.jpg,1152,864,daun,492,379,523,417
IMG_20180623_090257.jpg,1152,864,daun,566,338,588,389
IMG_20180623_090257.jpg,1152,864,daun,594,304,606,323
IMG_20180623_090257.jpg,1152,864,daun,600,280,627,363
IMG_20180623_090257.jpg,1152,864,daun,678,272,729,318
IMG_20180623_090257.jpg,1152,864,daun,701,309,748,347
IMG_20180623_090257.jpg,1152,864,daun,525,421,549,489
IMG_20180623_090257.jpg,1152,864,daun,414,401,503,423
IMG_20180623_090257.jpg,1152,864,daun,469,425,508,449
IMG_20180623_090257.jpg,1152,864,daun,698,422,728,443
IMG_20180623_090257.jpg,1152,864,daun,622,353,640,371
IMG_20180623_090257.jpg,1152,864,daun,626,367,645,389
IMG_20180623_090257.jpg,1152,864,daun,653,352,665,374
IMG_20180623_090257.jpg,1152,864,daun,692,355,726,387
IMG_20180623_090257.jpg,1152,864,daun,531,373,555,408
IMG_20180623_090257.jpg,1152,864,daun,522,392,538,416
IMG_20180623_090257.jpg,1152,864,daun,587,342,606,404
IMG_20180623_090257.jpg,1152,864,daun,664,354,688,380
IMG_20180623_090257.jpg,1152,864,daun,693,344,720,360
IMG_20180623_090257.jpg,1152,864,daun,718,381,771,405
IMG_20180623_090257.jpg,1152,864,daun,717,375,746,392
IMG_20180623_090257.jpg,1152,864,daun,736,376,760,393
IMG_20180623_090312.jpg,864,1152,daun,612,402,645,443
IMG_20180623_090312.jpg,864,1152,daun,624,429,671,463
IMG_20180623_090312.jpg,864,1152,daun,532,402,554,459
IMG_20180623_090312.jpg,864,1152,daun,518,423,537,466
IMG_20180623_090312.jpg,864,1152,daun,351,524,426,548
IMG_20180623_090312.jpg,864,1152,daun,424,508,451,540
IMG_20180623_090312.jpg,864,1152,daun,448,514,465,541
IMG_20180623_090312.jpg,864,1152,daun,457,495,482,531
IMG_20180623_090312.jpg,864,1152,daun,455,539,482,607
IMG_20180623_090312.jpg,864,1152,daun,394,542,435,569
IMG_20180623_090312.jpg,864,1152,daun,626,476,646,506
IMG_20180623_090312.jpg,864,1152,daun,543,471,561,496
IMG_20180623_090312.jpg,864,1152,daun,551,493,566,510
IMG_20180623_090312.jpg,864,1152,daun,589,476,610,501
IMG_20180623_090312.jpg,864,1152,daun,611,465,640,483
IMG_20180623_090312.jpg,864,1152,daun,564,493,590,513
IMG_20180623_090312.jpg,864,1152,daun,620,543,645,562
IMG_20180623_090312.jpg,864,1152,daun,440,555,461,568
IMG_20180623_090312.jpg,864,1152,daun,510,465,532,526
IMG_20180623_090312.jpg,864,1152,daun,491,460,511,516
IMG_20180623_090312.jpg,864,1152,daun,633,502,690,530
IMG_20180623_090312.jpg,864,1152,daun,636,503,672,518
IMG_20180623_090315.jpg,864,1152,daun,248,517,339,541
IMG_20180623_090315.jpg,864,1152,daun,306,542,343,566
IMG_20180623_090315.jpg,864,1152,daun,306,546,328,560
IMG_20180623_090315.jpg,864,1152,daun,369,493,393,526
IMG_20180623_090315.jpg,864,1152,daun,410,451,429,517
IMG_20180623_090315.jpg,864,1152,daun,512,400,557,440
IMG_20180623_090315.jpg,864,1152,daun,535,428,586,462
IMG_20180623_090315.jpg,864,1152,daun,528,474,557,502
IMG_20180623_090315.jpg,864,1152,daun,527,459,557,478
IMG_20180623_090315.jpg,864,1152,daun,460,469,481,487
IMG_20180623_090315.jpg,864,1152,daun,467,486,483,507
IMG_20180623_090315.jpg,864,1152,daun,427,420,447,457
IMG_20180623_090315.jpg,864,1152,daun,440,397,466,457
IMG_20180623_090315.jpg,864,1152,daun,430,457,446,518
IMG_20180623_090315.jpg,864,1152,daun,370,533,398,600
IMG_20180623_090315.jpg,864,1152,daun,531,543,560,564
IMG_20180623_090315.jpg,864,1152,daun,583,499,603,512
IMG_20180623_090315.jpg,864,1152,daun,556,496,575,510
IMG_20180623_090315.jpg,864,1152,daun,488,474,498,496
IMG_20180623_090315.jpg,864,1152,daun,486,488,513,507
IMG_20180623_090315.jpg,864,1152,daun,331,498,359,530
IMG_20180623_090315.jpg,864,1152,daun,356,540,378,551
IMG_20180623_090315.jpg,864,1152,daun,356,552,380,568
IMG_20180623_090315.jpg,864,1152,daun,492,524,541,531
IMG_20180623_090325.jpg,1152,864,daun,412,363,498,387
IMG_20180623_090325.jpg,1152,864,daun,492,348,518,377
IMG_20180623_090325.jpg,1152,864,daun,498,368,504,377
IMG_20180623_090325.jpg,1152,864,daun,518,362,531,382
IMG_20180623_090325.jpg,1152,864,daun,530,341,550,375
IMG_20180623_090325.jpg,1152,864,daun,565,302,584,353
IMG_20180623_090325.jpg,1152,864,daun,583,308,601,366
IMG_20180623_090325.jpg,1152,864,daun,589,274,604,306
IMG_20180623_090325.jpg,1152,864,daun,600,251,625,309
IMG_20180623_090325.jpg,1152,864,daun,470,388,501,409
IMG_20180623_090325.jpg,1152,864,daun,464,393,491,405
IMG_20180623_090325.jpg,1152,864,daun,673,266,705,304
IMG_20180623_090325.jpg,1152,864,daun,698,284,742,313
IMG_20180623_090325.jpg,1152,864,daun,693,331,714,358
IMG_20180623_090325.jpg,1152,864,daun,616,318,634,338
IMG_20180623_090325.jpg,1152,864,daun,620,336,639,352
IMG_20180623_090325.jpg,1152,864,daun,681,399,706,421
IMG_20180623_090325.jpg,1152,864,daun,510,398,530,410
IMG_20180623_090325.jpg,1152,864,daun,513,386,534,396
IMG_20180623_090325.jpg,1152,864,daun,515,415,532,424
IMG_20180623_090325.jpg,1152,864,daun,663,322,680,349
IMG_20180623_090325.jpg,1152,864,daun,637,337,662,361
IMG_20180623_090325.jpg,1152,864,daun,653,349,684,375
IMG_20180623_090325.jpg,1152,864,daun,737,356,755,367
IMG_20180623_090325.jpg,1152,864,daun,708,350,743,363
IMG_20180623_090326.jpg,1152,864,daun,391,366,480,392
IMG_20180623_090326.jpg,1152,864,daun,471,350,497,383
IMG_20180623_090326.jpg,1152,864,daun,497,365,508,383
IMG_20180623_090326.jpg,1152,864,daun,505,344,528,374
IMG_20180623_090326.jpg,1152,864,daun,542,301,562,355
IMG_20180623_090326.jpg,1152,864,daun,561,311,574,356
IMG_20180623_090326.jpg,1152,864,daun,563,277,578,305
IMG_20180623_090326.jpg,1152,864,daun,574,260,600,323
IMG_20180623_090326.jpg,1152,864,daun,655,268,682,304
IMG_20180623_090326.jpg,1152,864,daun,673,284,715,318
IMG_20180623_090326.jpg,1152,864,daun,448,389,479,409
IMG_20180623_090326.jpg,1152,864,daun,447,394,471,412
IMG_20180623_090326.jpg,1152,864,daun,500,383,527,445
IMG_20180623_090326.jpg,1152,864,daun,488,398,509,411
IMG_20180623_090326.jpg,1152,864,daun,492,386,512,399
IMG_20180623_090326.jpg,1152,864,daun,491,415,512,426
IMG_20180623_090326.jpg,1152,864,daun,592,322,611,341
IMG_20180623_090326.jpg,1152,864,daun,595,339,613,356
IMG_20180623_090326.jpg,1152,864,daun,665,336,687,360
IMG_20180623_090326.jpg,1152,864,daun,638,325,655,352
IMG_20180623_090326.jpg,1152,864,daun,616,338,637,364
IMG_20180623_090326.jpg,1152,864,daun,655,399,682,418
IMG_20180623_090326.jpg,1152,864,daun,674,351,712,362
IMG_20180623_090326.jpg,1152,864,daun,689,358,728,377
IMG_20180623_090339.jpg,864,1152,daun,194,628,214,697
IMG_20180623_090339.jpg,864,1152,daun,469,332,509,464
IMG_20180623_090339.jpg,864,1152,daun,406,416,445,503
IMG_20180623_090339.jpg,864,1152,daun,308,436,363,529
IMG_20180623_090339.jpg,864,1152,daun,327,528,352,550
IMG_20180623_090339.jpg,864,1152,daun,472,552,526,634
IMG_20180623_090339.jpg,864,1152,daun,261,634,322,647
IMG_20180623_090339.jpg,864,1152,daun,214,620,263,656
IMG_20180623_090339.jpg,864,1152,daun,241,613,274,625
IMG_20180623_090339.jpg,864,1152,daun,190,598,257,610
IMG_20180623_090339.jpg,864,1152,daun,192,550,260,569
IMG_20180623_090339.jpg,864,1152,daun,265,556,304,572
IMG_20180623_090339.jpg,864,1152,daun,366,489,376,532
IMG_20180623_090339.jpg,864,1152,daun,336,477,415,522
IMG_20180623_090339.jpg,864,1152,daun,511,409,557,461
IMG_20180623_090339.jpg,864,1152,daun,186,565,248,583
IMG_20180623_090339.jpg,864,1152,daun,223,581,271,599
IMG_20180623_090339.jpg,864,1152,daun,328,588,360,610
IMG_20180623_090339.jpg,864,1152,daun,398,539,413,574
IMG_20180623_090339.jpg,864,1152,daun,390,550,399,572
IMG_20180623_090339.jpg,864,1152,daun,378,522,397,547
IMG_20180623_090339.jpg,864,1152,daun,416,526,438,560
IMG_20180623_090339.jpg,864,1152,daun,453,558,467,592
IMG_20180623_090339.jpg,864,1152,daun,525,467,564,512
IMG_20180623_090339.jpg,864,1152,daun,494,496,543,541
IMG_20180623_090339.jpg,864,1152,daun,524,505,585,551
IMG_20180623_090339.jpg,864,1152,daun,286,548,347,562
IMG_20180623_090339.jpg,864,1152,daun,293,541,328,551
IMG_20180623_090347.jpg,864,1152,daun,460,418,505,494
IMG_20180623_090347.jpg,864,1152,daun,503,404,523,488
IMG_20180623_090347.jpg,864,1152,daun,573,331,638,419
IMG_20180623_090347.jpg,864,1152,daun,596,408,652,462
IMG_20180623_090347.jpg,864,1152,daun,418,383,441,478
IMG_20180623_090347.jpg,864,1152,daun,443,460,464,501
IMG_20180623_090347.jpg,864,1152,daun,395,468,424,494
IMG_20180623_090347.jpg,864,1152,daun,381,477,419,494
IMG_20180623_090347.jpg,864,1152,daun,397,491,422,523
IMG_20180623_090347.jpg,864,1152,daun,241,557,272,622
IMG_20180623_090347.jpg,864,1152,daun,268,479,313,502
IMG_20180623_090347.jpg,864,1152,daun,278,469,337,505
IMG_20180623_090347.jpg,864,1152,daun,284,505,339,524
IMG_20180623_090347.jpg,864,1152,daun,274,522,326,536
IMG_20180623_090347.jpg,864,1152,daun,466,590,485,623
IMG_20180623_090347.jpg,864,1152,daun,485,501,509,590
IMG_20180623_090347.jpg,864,1152,daun,480,528,487,548
IMG_20180623_090347.jpg,864,1152,daun,458,517,468,533
IMG_20180623_090347.jpg,864,1152,daun,612,527,642,543
IMG_20180623_090347.jpg,864,1152,daun,618,499,647,527
IMG_20180623_090347.jpg,864,1152,daun,358,539,404,571
IMG_20180623_090347.jpg,864,1152,daun,354,497,382,524
IMG_20180623_090347.jpg,864,1152,daun,555,546,598,571
IMG_20180623_090347.jpg,864,1152,daun,435,579,463,624
IMG_20180623_090347.jpg,864,1152,daun,515,547,522,570
IMG_20180623_090347.jpg,864,1152,daun,518,560,530,573
IMG_20180623_090347.jpg,864,1152,daun,608,455,639,485
IMG_20180623_090347.jpg,864,1152,daun,550,495,609,545
IMG_20180623_090350.jpg,864,1152,daun,414,386,441,486
IMG_20180623_090350.jpg,864,1152,daun,457,419,497,496
IMG_20180623_090350.jpg,864,1152,daun,573,332,632,421
IMG_20180623_090350.jpg,864,1152,daun,596,414,646,464
IMG_20180623_090350.jpg,864,1152,daun,241,562,270,629
IMG_20180623_090350.jpg,864,1152,daun,376,481,414,497
IMG_20180623_090350.jpg,864,1152,daun,392,472,421,498
IMG_20180623_090350.jpg,864,1152,daun,441,464,457,504
IMG_20180623_090350.jpg,864,1152,daun,497,410,517,487
IMG_20180623_090350.jpg,864,1152,daun,482,505,506,618
IMG_20180623_090350.jpg,864,1152,daun,310,583,365,596
IMG_20180623_090350.jpg,864,1152,daun,276,509,328,528
IMG_20180623_090350.jpg,864,1152,daun,266,483,317,512
IMG_20180623_090350.jpg,864,1152,daun,277,477,326,504
IMG_20180623_090350.jpg,864,1152,daun,399,500,419,530
IMG_20180623_090350.jpg,864,1152,daun,272,562,313,584
IMG_20180623_090350.jpg,864,1152,daun,302,556,329,566
IMG_20180623_090350.jpg,864,1152,daun,277,532,329,550
IMG_20180623_090350.jpg,864,1152,daun,611,500,643,540
IMG_20180623_090350.jpg,864,1152,daun,605,457,632,486
IMG_20180623_090350.jpg,864,1152,daun,596,481,630,515
IMG_20180623_090354.jpg,1152,864,daun,400,436,429,493
IMG_20180623_090354.jpg,1152,864,daun,566,285,584,368
IMG_20180623_090354.jpg,1152,864,daun,614,303,637,372
IMG_20180623_090354.jpg,1152,864,daun,637,310,654,363
IMG_20180623_090354.jpg,1152,864,daun,714,242,766,316
IMG_20180623_090354.jpg,1152,864,daun,716,311,767,359
IMG_20180623_090354.jpg,1152,864,daun,538,358,570,380
IMG_20180623_090354.jpg,1152,864,daun,551,348,576,373
IMG_20180623_090354.jpg,1152,864,daun,458,461,510,481
IMG_20180623_090354.jpg,1152,864,daun,425,442,481,456
IMG_20180623_090354.jpg,1152,864,daun,421,418,468,435
IMG_20180623_090354.jpg,1152,864,daun,588,358,603,384
IMG_20180623_090354.jpg,1152,864,daun,652,372,675,395
IMG_20180623_090354.jpg,1152,864,daun,619,418,627,437
IMG_20180623_090354.jpg,1152,864,daun,542,389,559,413
IMG_20180623_090354.jpg,1152,864,daun,473,368,509,396
IMG_20180623_090354.jpg,1152,864,daun,431,360,468,387
IMG_20180623_090354.jpg,1152,864,daun,441,353,475,381
IMG_20180623_090354.jpg,1152,864,daun,581,459,607,504
IMG_20180623_090354.jpg,1152,864,daun,629,381,653,448
IMG_20180623_090354.jpg,1152,864,daun,726,382,757,408
IMG_20180623_090354.jpg,1152,864,daun,737,396,771,431
IMG_20180623_090354.jpg,1152,864,daun,728,431,761,444
IMG_20180623_090354.jpg,1152,864,daun,516,415,558,455
IMG_20180623_090354.jpg,1152,864,daun,451,435,480,443
IMG_20180623_090354.jpg,1152,864,daun,575,381,612,433
IMG_20180623_120112.jpg,864,1152,daun,208,628,299,698
IMG_20180623_120112.jpg,864,1152,daun,240,515,325,549
IMG_20180623_120112.jpg,864,1152,daun,309,493,356,543
IMG_20180623_120112.jpg,864,1152,daun,445,547,478,652
IMG_20180623_120112.jpg,864,1152,daun,477,614,526,645
IMG_20180623_120112.jpg,864,1152,daun,479,586,501,603
IMG_20180623_120112.jpg,864,1152,daun,621,361,755,484
IMG_20180623_120112.jpg,864,1152,daun,598,484,646,513
IMG_20180623_120112.jpg,864,1152,daun,543,487,594,525
IMG_20180623_120112.jpg,864,1152,daun,522,474,553,501
IMG_20180623_120112.jpg,864,1152,daun,523,457,544,486
IMG_20180623_120112.jpg,864,1152,daun,498,372,553,423
IMG_20180623_120112.jpg,864,1152,daun,519,413,566,457
IMG_20180623_120112.jpg,864,1152,daun,385,458,420,548
IMG_20180623_120112.jpg,864,1152,daun,663,571,771,588
IMG_20180623_120112.jpg,864,1152,daun,413,647,448,666
IMG_20180623_120112.jpg,864,1152,daun,440,493,460,530
IMG_20180623_120112.jpg,864,1152,daun,363,580,410,620
IMG_20180623_120112.jpg,864,1152,daun,378,597,397,649
IMG_20180623_120112.jpg,864,1152,daun,306,564,329,587
IMG_20180623_120112.jpg,864,1152,daun,267,560,301,576
IMG_20180623_120112.jpg,864,1152,daun,269,568,302,589
IMG_20180623_120112.jpg,864,1152,daun,498,454,510,495
IMG_20180623_120112.jpg,864,1152,daun,632,508,656,521
IMG_20180623_120112.jpg,864,1152,daun,650,541,743,557
IMG_20180623_120112.jpg,864,1152,daun,298,617,328,647
IMG_20180623_120112.jpg,864,1152,daun,417,609,437,620
IMG_20180623_120112.jpg,864,1152,daun,682,555,787,570
IMG_20180623_120112.jpg,864,1152,daun,646,515,672,532
IMG_20180623_120112.jpg,864,1152,daun,591,546,651,557
IMG_20180623_120118.jpg,864,1152,daun,198,665,316,773
IMG_20180623_120118.jpg,864,1152,daun,260,588,313,653
IMG_20180623_120118.jpg,864,1152,daun,309,550,352,596
IMG_20180623_120118.jpg,864,1152,daun,401,581,435,673
IMG_20180623_120118.jpg,864,1152,daun,505,385,581,488
IMG_20180623_120118.jpg,864,1152,daun,568,401,673,509
IMG_20180623_120118.jpg,864,1152,daun,406,469,427,527
IMG_20180623_120118.jpg,864,1152,daun,437,465,449,531
IMG_20180623_120118.jpg,864,1152,daun,429,466,473,518
IMG_20180623_120118.jpg,864,1152,daun,323,504,365,540
IMG_20180623_120118.jpg,864,1152,daun,285,515,359,539
IMG_20180623_120118.jpg,864,1152,daun,407,687,429,733
IMG_20180623_120118.jpg,864,1152,daun,634,640,754,660
IMG_20180623_120118.jpg,864,1152,daun,582,676,627,695
IMG_20180623_120118.jpg,864,1152,daun,497,605,566,663
IMG_20180623_120118.jpg,864,1152,daun,320,687,335,710
IMG_20180623_120118.jpg,864,1152,daun,697,488,780,509
IMG_20180623_120118.jpg,864,1152,daun,726,598,768,678
IMG_20180623_120118.jpg,864,1152,daun,700,591,808,601
IMG_20180623_120118.jpg,864,1152,daun,372,591,398,610
IMG_20180623_120118.jpg,864,1152,daun,476,421,493,444
IMG_20180623_120118.jpg,864,1152,daun,744,506,801,523
IMG_20180623_120124.jpg,1152,864,daun,418,471,499,526
IMG_20180623_120124.jpg,1152,864,daun,717,297,833,390
IMG_20180623_120124.jpg,1152,864,daun,698,460,748,484
IMG_20180623_120124.jpg,1152,864,daun,629,301,678,347
IMG_20180623_120124.jpg,1152,864,daun,665,329,707,363
IMG_20180623_120124.jpg,1152,864,daun,551,354,581,407
IMG_20180623_120124.jpg,1152,864,daun,445,384,502,408
IMG_20180623_120124.jpg,1152,864,daun,502,375,532,411
IMG_20180623_120124.jpg,1152,864,daun,470,415,503,459
IMG_20180623_120124.jpg,1152,864,daun,459,426,497,458
IMG_20180623_120124.jpg,1152,864,daun,736,438,805,450
IMG_20180623_120124.jpg,1152,864,daun,753,430,832,439
IMG_20180623_120124.jpg,1152,864,daun,645,373,671,405
IMG_20180623_120124.jpg,1152,864,daun,684,373,711,399
IMG_20180623_120124.jpg,1152,864,daun,670,362,687,396
IMG_20180623_120124.jpg,1152,864,daun,623,360,648,401
IMG_20180623_120124.jpg,1152,864,daun,592,453,629,474
IMG_20180623_120124.jpg,1152,864,daun,712,406,787,421
IMG_20180623_120130.jpg,1152,864,daun,380,451,473,535
IMG_20180623_120130.jpg,1152,864,daun,724,245,801,316
IMG_20180623_120130.jpg,1152,864,daun,641,228,708,316
IMG_20180623_120130.jpg,1152,864,daun,633,391,670,447
IMG_20180623_120130.jpg,1152,864,daun,576,289,607,313
IMG_20180623_120130.jpg,1152,864,daun,597,309,606,333
IMG_20180623_120130.jpg,1152,864,daun,843,340,927,363
IMG_20180623_120130.jpg,1152,864,daun,728,421,820,441
IMG_20180623_120130.jpg,1152,864,daun,800,294,842,321
IMG_20180623_120130.jpg,1152,864,daun,481,363,509,398
IMG_20180623_120130.jpg,1152,864,daun,435,390,473,433
IMG_20180623_120130.jpg,1152,864,daun,785,400,909,416
IMG_20180623_120130.jpg,1152,864,daun,717,374,785,410
IMG_20180623_120130.jpg,1152,864,daun,812,321,872,340
IMG_20180623_120130.jpg,1152,864,daun,838,365,900,393
IMG_20180623_120130.jpg,1152,864,daun,615,463,651,503
IMG_20180623_120139.jpg,864,1152,daun,223,498,292,558
IMG_20180623_120139.jpg,864,1152,daun,177,414,285,452
IMG_20180623_120139.jpg,864,1152,daun,273,396,316,440
IMG_20180623_120139.jpg,864,1152,daun,342,369,388,439
IMG_20180623_120139.jpg,864,1152,daun,340,437,388,511
IMG_20180623_120139.jpg,864,1152,daun,295,468,343,499
IMG_20180623_120139.jpg,864,1152,daun,320,430,334,459
IMG_20180623_120139.jpg,864,1152,daun,232,450,299,491
IMG_20180623_120139.jpg,864,1152,daun,555,288,685,423
IMG_20180623_120139.jpg,864,1152,daun,493,367,529,416
IMG_20180623_120139.jpg,864,1152,daun,452,397,462,436
IMG_20180623_120139.jpg,864,1152,daun,482,365,492,413
IMG_20180623_120139.jpg,864,1152,daun,495,326,543,366
IMG_20180623_120139.jpg,864,1152,daun,523,477,628,490
IMG_20180623_120139.jpg,864,1152,daun,571,465,646,479
IMG_20180623_120139.jpg,864,1152,daun,575,455,645,465
IMG_20180623_120139.jpg,864,1152,daun,515,489,588,512
IMG_20180623_120139.jpg,864,1152,daun,542,423,613,463
IMG_20180623_120139.jpg,864,1152,daun,443,429,500,466
IMG_20180623_120139.jpg,864,1152,daun,439,300,490,362
IMG_20180623_120139.jpg,864,1152,daun,422,405,447,450
IMG_20180623_120142.jpg,1152,864,daun,357,463,418,526
IMG_20180623_120142.jpg,1152,864,daun,419,457,437,477
IMG_20180623_120142.jpg,1152,864,daun,416,416,428,434
IMG_20180623_120142.jpg,1152,864,daun,347,385,432,408
IMG_20180623_120142.jpg,1152,864,daun,413,365,459,411
IMG_20180623_120142.jpg,1152,864,daun,383,416,419,438
IMG_20180623_120142.jpg,1152,864,daun,387,421,413,440
IMG_20180623_120142.jpg,1152,864,daun,477,334,505,401
IMG_20180623_120142.jpg,1152,864,daun,500,389,529,472
IMG_20180623_120142.jpg,1152,864,daun,513,449,548,471
IMG_20180623_120142.jpg,1152,864,daun,557,269,603,321
IMG_20180623_120142.jpg,1152,864,daun,605,323,625,359
IMG_20180623_120142.jpg,1152,864,daun,598,284,637,321
IMG_20180623_120142.jpg,1152,864,daun,646,249,771,370
IMG_20180623_120142.jpg,1152,864,daun,656,428,693,440
IMG_20180623_120142.jpg,1152,864,daun,682,412,738,424
IMG_20180623_120142.jpg,1152,864,daun,684,400,762,413
IMG_20180623_120142.jpg,1152,864,daun,689,390,748,402
IMG_20180623_120142.jpg,1152,864,daun,603,353,633,385
IMG_20180623_120142.jpg,1152,864,daun,449,428,481,453
IMG_20180623_120142.jpg,1152,864,daun,583,327,596,378
IMG_20180623_120142.jpg,1152,864,daun,563,359,591,408
IMG_20180623_120142.jpg,1152,864,daun,664,363,707,395
IMG_20180623_120145.jpg,1152,864,daun,591,98,618,273
IMG_20180623_120145.jpg,1152,864,daun,638,224,656,257
IMG_20180623_120145.jpg,1152,864,daun,564,248,582,293
IMG_20180623_120145.jpg,1152,864,daun,504,233,523,300
IMG_20180623_120145.jpg,1152,864,daun,407,439,489,498
IMG_20180623_120145.jpg,1152,864,daun,449,468,495,497
IMG_20180623_120145.jpg,1152,864,daun,457,483,489,497
IMG_20180623_120145.jpg,1152,864,daun,496,484,518,570
IMG_20180623_120145.jpg,1152,864,daun,484,420,505,435
IMG_20180623_120145.jpg,1152,864,daun,522,383,557,439
IMG_20180623_120145.jpg,1152,864,daun,497,446,539,466
IMG_20180623_120145.jpg,1152,864,daun,650,283,691,346
IMG_20180623_120145.jpg,1152,864,daun,680,231,713,259
IMG_20180623_120145.jpg,1152,864,daun,666,259,702,284
IMG_20180623_120145.jpg,1152,864,daun,669,219,699,250
IMG_20180623_120145.jpg,1152,864,daun,578,300,597,368
IMG_20180623_120145.jpg,1152,864,daun,543,213,554,286
IMG_20180623_120145.jpg,1152,864,daun,542,279,571,300
IMG_20180623_120145.jpg,1152,864,daun,479,349,518,403
IMG_20180623_120145.jpg,1152,864,daun,436,428,490,438
IMG_20180623_120148.jpg,864,1152,daun,313,488,368,587
IMG_20180623_120148.jpg,864,1152,daun,230,579,296,637
IMG_20180623_120148.jpg,864,1152,daun,145,464,280,515
IMG_20180623_120148.jpg,864,1152,daun,259,442,324,503
IMG_20180623_120148.jpg,864,1152,daun,220,507,286,549
IMG_20180623_120148.jpg,864,1152,daun,267,520,287,535
IMG_20180623_120148.jpg,864,1152,daun,626,304,804,469
IMG_20180623_120148.jpg,864,1152,daun,564,418,616,480
IMG_20180623_120148.jpg,864,1152,daun,463,321,542,437
IMG_20180623_120148.jpg,864,1152,daun,429,435,461,505
IMG_20180623_120148.jpg,864,1152,daun,574,570,688,599
IMG_20180623_120148.jpg,864,1152,daun,507,432,524,520
IMG_20180623_120148.jpg,864,1152,daun,465,462,510,532
IMG_20180623_120148.jpg,864,1152,daun,554,366,624,416
IMG_20180623_120148.jpg,864,1152,daun,593,540,698,560
IMG_20180623_120148.jpg,864,1152,daun,659,526,752,548
IMG_20180623_120148.jpg,864,1152,daun,657,508,751,530
IMG_20180623_120148.jpg,864,1152,daun,565,479,663,508
IMG_20180623_120148.jpg,864,1152,daun,660,482,718,513
IMG_20180623_120148.jpg,864,1152,daun,584,499,607,521
IMG_20180623_120148.jpg,864,1152,daun,569,519,609,541
IMG_20180623_120148.jpg,864,1152,daun,394,416,418,446
IMG_20180623_120153.jpg,864,1152,daun,154,597,237,678
IMG_20180623_120153.jpg,864,1152,daun,58,446,208,504
IMG_20180623_120153.jpg,864,1152,daun,196,433,275,506
IMG_20180623_120153.jpg,864,1152,daun,145,509,222,569
IMG_20180623_120153.jpg,864,1152,daun,270,481,345,613
IMG_20180623_120153.jpg,864,1152,daun,407,400,446,520
IMG_20180623_120153.jpg,864,1152,daun,370,381,406,508
IMG_20180623_120153.jpg,864,1152,daun,587,552,763,586
IMG_20180623_120153.jpg,864,1152,daun,647,536,820,559
IMG_20180623_120153.jpg,864,1152,daun,559,583,722,634
IMG_20180623_120153.jpg,864,1152,daun,478,613,519,696
IMG_20180623_120153.jpg,864,1152,daun,542,415,602,497
IMG_20180623_120153.jpg,864,1152,daun,551,354,626,426
IMG_20180623_120153.jpg,864,1152,daun,457,301,540,414
IMG_20180623_120153.jpg,864,1152,daun,235,564,306,598
IMG_20180623_120153.jpg,864,1152,daun,633,277,845,461
IMG_20180623_120153.jpg,864,1152,daun,596,470,709,510
IMG_20180623_120153.jpg,864,1152,daun,463,657,482,688
IMG_20180623_120159.jpg,864,1152,daun,237,550,307,610
IMG_20180623_120159.jpg,864,1152,daun,576,340,731,461
IMG_20180623_120159.jpg,864,1152,daun,459,345,519,415
IMG_20180623_120159.jpg,864,1152,daun,200,451,289,494
IMG_20180623_120159.jpg,864,1152,daun,288,438,344,492
IMG_20180623_120159.jpg,864,1152,daun,250,488,307,535
IMG_20180623_120159.jpg,864,1152,daun,335,569,407,609
IMG_20180623_120159.jpg,864,1152,daun,521,422,560,476
IMG_20180623_120159.jpg,864,1152,daun,528,382,577,422
IMG_20180623_120159.jpg,864,1152,daun,415,432,441,490
IMG_20180623_120159.jpg,864,1152,daun,439,449,470,508
IMG_20180623_120159.jpg,864,1152,daun,538,548,624,572
IMG_20180623_120159.jpg,864,1152,daun,549,530,660,546
IMG_20180623_120159.jpg,864,1152,daun,587,520,681,534
IMG_20180623_120159.jpg,864,1152,daun,598,477,653,510
IMG_20180623_120159.jpg,864,1152,daun,477,449,491,480
IMG_20180623_120159.jpg,864,1152,daun,477,474,528,506
IMG_20180623_120159.jpg,864,1152,daun,354,484,398,564
IMG_20180623_120159.jpg,864,1152,daun,335,541,367,557
IMG_20180623_120159.jpg,864,1152,daun,308,513,356,552
IMG_20180623_120159.jpg,864,1152,daun,260,501,280,522
IMG_20180623_120159.jpg,864,1152,daun,563,472,624,507
IMG_20180623_120159.jpg,864,1152,daun,512,420,520,467
IMG_20180623_120159.jpg,864,1152,daun,378,420,405,481
IMG_20180623_120159.jpg,864,1152,daun,469,597,478,614
IMG_20180623_120159.jpg,864,1152,daun,479,567,503,616
IMG_20180623_120204.jpg,1152,864,daun,333,501,419,578
IMG_20180623_120204.jpg,1152,864,daun,288,391,392,424
IMG_20180623_120204.jpg,1152,864,daun,390,379,449,434
IMG_20180623_120204.jpg,1152,864,daun,580,281,631,354
IMG_20180623_120204.jpg,1152,864,daun,701,272,847,395
IMG_20180623_120204.jpg,1152,864,daun,580,539,596,565
IMG_20180623_120204.jpg,1152,864,daun,349,436,402,478
IMG_20180623_120204.jpg,1152,864,daun,403,446,450,483
IMG_20180623_120204.jpg,1152,864,daun,450,400,496,484
IMG_20180623_120204.jpg,1152,864,daun,427,504,506,542
IMG_20180623_120204.jpg,1152,864,daun,665,496,763,535
IMG_20180623_120204.jpg,1152,864,daun,579,373,624,425
IMG_20180623_120204.jpg,1152,864,daun,655,372,685,405
IMG_20180623_120204.jpg,1152,864,daun,639,327,702,378
IMG_20180623_120204.jpg,1152,864,daun,723,424,779,445
IMG_20180623_120204.jpg,1152,864,daun,739,419,762,430
IMG_20180623_120204.jpg,1152,864,daun,767,436,815,446
IMG_20180623_120204.jpg,1152,864,daun,771,442,814,455
IMG_20180623_120204.jpg,1152,864,daun,735,450,776,468
IMG_20180623_131320.jpg,864,1152,daun,483,468,548,566
IMG_20180623_131320.jpg,864,1152,daun,603,514,676,550
IMG_20180623_131320.jpg,864,1152,daun,416,484,450,519
IMG_20180623_131320.jpg,864,1152,daun,244,680,301,751
IMG_20180623_131320.jpg,864,1152,daun,255,666,287,693
IMG_20180623_131320.jpg,864,1152,daun,180,609,247,663
IMG_20180623_131320.jpg,864,1152,daun,614,680,712,709
IMG_20180623_131320.jpg,864,1152,daun,544,705,597,722
IMG_20180623_131320.jpg,864,1152,daun,701,615,753,689
IMG_20180623_131320.jpg,864,1152,daun,522,587,538,614
IMG_20180623_131320.jpg,864,1152,daun,448,620,517,648
IMG_20180623_131320.jpg,864,1152,daun,389,566,405,605
IMG_20180623_131320.jpg,864,1152,daun,423,514,455,557
IMG_20180623_131320.jpg,864,1152,daun,410,538,435,584
IMG_20180623_131320.jpg,864,1152,daun,296,566,346,638
IMG_20180623_131320.jpg,864,1152,daun,251,639,297,668
IMG_20180623_131320.jpg,864,1152,daun,568,670,628,709
IMG_20180623_131320.jpg,864,1152,daun,653,525,720,566
IMG_20180623_131320.jpg,864,1152,daun,698,557,756,575
IMG_20180623_131320.jpg,864,1152,daun,699,571,769,591
IMG_20180623_131320.jpg,864,1152,daun,658,591,748,602
IMG_20180623_131320.jpg,864,1152,daun,653,640,721,670
IMG_20180623_131324.jpg,1152,864,daun,346,471,415,534
IMG_20180623_131324.jpg,1152,864,daun,368,444,430,474
IMG_20180623_131324.jpg,1152,864,daun,354,346,437,406
IMG_20180623_131324.jpg,1152,864,daun,759,285,847,338
IMG_20180623_131324.jpg,1152,864,daun,700,306,745,346
IMG_20180623_131324.jpg,1152,864,daun,609,275,675,364
IMG_20180623_131324.jpg,1152,864,daun,533,325,571,379
IMG_20180623_131324.jpg,1152,864,daun,509,349,528,384
IMG_20180623_131324.jpg,1152,864,daun,518,343,530,365
IMG_20180623_131324.jpg,1152,864,daun,756,388,862,413
IMG_20180623_131324.jpg,1152,864,daun,714,366,794,380
IMG_20180623_131324.jpg,1152,864,daun,776,365,858,390
IMG_20180623_131324.jpg,1152,864,daun,661,447,751,477
IMG_20180623_131324.jpg,1152,864,daun,765,420,847,443
IMG_20180623_131324.jpg,1152,864,daun,390,429,436,460
IMG_20180623_131332.jpg,864,1152,daun,341,304,370,480
IMG_20180623_131332.jpg,864,1152,daun,524,263,629,437
IMG_20180623_131332.jpg,864,1152,daun,500,391,521,431
IMG_20180623_131332.jpg,864,1152,daun,481,388,507,455
IMG_20180623_131332.jpg,864,1152,daun,443,393,470,479
IMG_20180623_131332.jpg,864,1152,daun,75,500,213,532
IMG_20180623_131332.jpg,864,1152,daun,162,418,251,492
IMG_20180623_131332.jpg,864,1152,daun,296,722,345,768
IMG_20180623_131332.jpg,864,1152,daun,357,732,383,875
IMG_20180623_131332.jpg,864,1152,daun,387,734,426,846
IMG_20180623_131332.jpg,864,1152,daun,515,746,574,845
IMG_20180623_131332.jpg,864,1152,daun,587,479,646,499
IMG_20180623_131332.jpg,864,1152,daun,580,504,709,528
IMG_20180623_131332.jpg,864,1152,daun,379,568,397,616
IMG_20180623_131332.jpg,864,1152,daun,407,524,422,571
IMG_20180623_131332.jpg,864,1152,daun,416,534,439,587
IMG_20180623_131332.jpg,864,1152,daun,340,482,366,541
IMG_20180623_131332.jpg,864,1152,daun,307,485,330,555
IMG_20180623_131332.jpg,864,1152,daun,687,666,713,711
IMG_20180623_131332.jpg,864,1152,daun,668,555,749,576
IMG_20180623_131332.jpg,864,1152,daun,619,534,707,558
IMG_20180623_131332.jpg,864,1152,daun,566,529,615,557
IMG_20180623_131332.jpg,864,1152,daun,621,591,706,612
IMG_20180623_131332.jpg,864,1152,daun,607,683,673,698
IMG_20180623_131332.jpg,864,1152,daun,549,698,600,741
IMG_20180623_131332.jpg,864,1152,daun,585,690,621,723
IMG_20180623_131332.jpg,864,1152,daun,427,592,511,611
IMG_20180623_131332.jpg,864,1152,daun,447,563,538,586
IMG_20180623_131332.jpg,864,1152,daun,575,441,656,477
IMG_20180623_131332.jpg,864,1152,daun,218,673,318,726
IMG_20180623_131332.jpg,864,1152,daun,411,706,468,747
IMG_20180623_131332.jpg,864,1152,daun,427,645,481,663
IMG_20180623_131332.jpg,864,1152,daun,467,672,508,709
IMG_20180623_131332.jpg,864,1152,daun,293,626,344,668
IMG_20180623_131332.jpg,864,1152,daun,377,353,423,460
IMG_20180623_131339.jpg,864,1152,daun,332,368,362,474
IMG_20180623_131339.jpg,864,1152,daun,383,318,422,418
IMG_20180623_131339.jpg,864,1152,daun,486,362,536,426
IMG_20180623_131339.jpg,864,1152,daun,551,306,657,429
IMG_20180623_131339.jpg,864,1152,daun,578,427,637,464
IMG_20180623_131339.jpg,864,1152,daun,583,456,653,486
IMG_20180623_131339.jpg,864,1152,daun,157,425,266,494
IMG_20180623_131339.jpg,864,1152,daun,285,394,312,436
IMG_20180623_131339.jpg,864,1152,daun,90,505,209,534
IMG_20180623_131339.jpg,864,1152,daun,292,703,344,753
IMG_20180623_131339.jpg,864,1152,daun,229,678,314,706
IMG_20180623_131339.jpg,864,1152,daun,295,662,359,681
IMG_20180623_131339.jpg,864,1152,daun,257,629,307,670
IMG_20180623_131339.jpg,864,1152,daun,346,736,364,810
IMG_20180623_131339.jpg,864,1152,daun,367,758,396,870
IMG_20180623_131339.jpg,864,1152,daun,465,779,514,857
IMG_20180623_131339.jpg,864,1152,daun,381,703,423,762
IMG_20180623_131339.jpg,864,1152,daun,490,692,526,745
IMG_20180623_131339.jpg,864,1152,daun,506,684,547,725
IMG_20180623_131339.jpg,864,1152,daun,540,688,568,727
IMG_20180623_131339.jpg,864,1152,daun,547,486,646,531
IMG_20180623_131339.jpg,864,1152,daun,553,537,603,565
IMG_20180623_131339.jpg,864,1152,daun,603,558,684,576
IMG_20180623_131339.jpg,864,1152,daun,590,566,681,595
IMG_20180623_131339.jpg,864,1152,daun,587,596,727,614
IMG_20180623_131339.jpg,864,1152,daun,596,601,663,627
IMG_20180623_131339.jpg,864,1152,daun,593,625,670,657
IMG_20180623_131339.jpg,864,1152,daun,584,642,653,680
IMG_20180623_131339.jpg,864,1152,daun,446,392,472,483
IMG_20180623_131339.jpg,864,1152,daun,401,642,422,695
IMG_20180623_131339.jpg,864,1152,daun,448,483,505,566
IMG_20180623_131339.jpg,864,1152,daun,391,581,425,600
IMG_20180623_131344.jpg,864,1152,daun,416,334,448,449
IMG_20180623_131344.jpg,864,1152,daun,443,295,498,414
IMG_20180623_131344.jpg,864,1152,daun,510,200,644,358
IMG_20180623_131344.jpg,864,1152,daun,590,390,640,416
IMG_20180623_131344.jpg,864,1152,daun,568,354,619,395
IMG_20180623_131344.jpg,864,1152,daun,331,271,391,408
IMG_20180623_131344.jpg,864,1152,daun,292,294,334,455
IMG_20180623_131344.jpg,864,1152,daun,20,488,234,525
IMG_20180623_131344.jpg,864,1152,daun,88,401,216,473
IMG_20180623_131344.jpg,864,1152,daun,296,701,328,759
IMG_20180623_131344.jpg,864,1152,daun,348,729,370,827
IMG_20180623_131344.jpg,864,1152,daun,220,681,314,713
IMG_20180623_131344.jpg,864,1152,daun,277,652,353,676
IMG_20180623_131344.jpg,864,1152,daun,364,731,412,868
IMG_20180623_131344.jpg,864,1152,daun,392,688,443,754
IMG_20180623_131344.jpg,864,1152,daun,504,766,542,834
IMG_20180623_131344.jpg,864,1152,daun,501,656,544,720
IMG_20180623_131344.jpg,864,1152,daun,525,647,562,694
IMG_20180623_131344.jpg,864,1152,daun,551,650,590,692
IMG_20180623_131344.jpg,864,1152,daun,601,588,688,637
IMG_20180623_131344.jpg,864,1152,daun,616,569,692,603
IMG_20180623_131344.jpg,864,1152,daun,593,546,680,573
IMG_20180623_131344.jpg,864,1152,daun,638,527,736,559
IMG_20180623_131344.jpg,864,1152,daun,556,482,597,503
IMG_20180623_131344.jpg,864,1152,daun,620,493,686,507
IMG_20180623_131344.jpg,864,1152,daun,596,500,688,529
IMG_20180623_131344.jpg,864,1152,daun,561,416,653,474
IMG_20180623_131344.jpg,864,1152,daun,381,519,412,551
IMG_20180623_131344.jpg,864,1152,daun,355,523,375,567
IMG_20180623_131344.jpg,864,1152,daun,270,445,286,540
IMG_20180623_131344.jpg,864,1152,daun,391,614,420,669
IMG_20180623_131344.jpg,864,1152,daun,425,414,490,541
IMG_20180623_131344.jpg,864,1152,daun,232,369,261,411
IMG_20180623_131350.jpg,864,1152,daun,92,498,218,553
IMG_20180623_131350.jpg,864,1152,daun,137,428,268,485
IMG_20180623_131350.jpg,864,1152,daun,309,324,345,437
IMG_20180623_131350.jpg,864,1152,daun,346,268,400,367
IMG_20180623_131350.jpg,864,1152,daun,435,338,462,432
IMG_20180623_131350.jpg,864,1152,daun,471,277,521,362
IMG_20180623_131350.jpg,864,1152,daun,541,194,641,334
IMG_20180623_131350.jpg,864,1152,daun,596,328,645,365
IMG_20180623_131350.jpg,864,1152,daun,589,362,662,398
IMG_20180623_131350.jpg,864,1152,daun,576,403,658,457
IMG_20180623_131350.jpg,864,1152,daun,403,713,424,787
IMG_20180623_131350.jpg,864,1152,daun,427,739,462,839
IMG_20180623_131350.jpg,864,1152,daun,350,681,392,730
IMG_20180623_131350.jpg,864,1152,daun,276,665,390,693
IMG_20180623_131350.jpg,864,1152,daun,430,662,490,721
IMG_20180623_131350.jpg,864,1152,daun,533,729,583,800
IMG_20180623_131350.jpg,864,1152,daun,539,636,583,684
IMG_20180623_131350.jpg,864,1152,daun,556,628,601,662
IMG_20180623_131350.jpg,864,1152,daun,590,623,638,664
IMG_20180623_131350.jpg,864,1152,daun,262,368,302,419
IMG_20180623_131350.jpg,864,1152,daun,287,619,319,657
IMG_20180623_131350.jpg,864,1152,daun,327,639,392,662
IMG_20180623_131350.jpg,864,1152,daun,426,609,462,654
IMG_20180623_131350.jpg,864,1152,daun,417,568,442,612
IMG_20180623_131350.jpg,864,1152,daun,461,421,503,496
IMG_20180623_131350.jpg,864,1152,daun,365,438,389,468
IMG_20180623_131350.jpg,864,1152,daun,578,458,627,487
IMG_20180623_131350.jpg,864,1152,daun,621,468,716,487
IMG_20180623_131350.jpg,864,1152,daun,597,481,716,503
IMG_20180623_131350.jpg,864,1152,daun,643,494,760,528
IMG_20180623_131350.jpg,864,1152,daun,592,522,702,545
IMG_20180623_131350.jpg,864,1152,daun,610,543,724,570
IMG_20180623_131350.jpg,864,1152,daun,585,558,715,598
IMG_20180623_131350.jpg,864,1152,daun,391,509,410,572
IMG_20180623_131350.jpg,864,1152,daun,311,445,327,525
IMG_20180623_131350.jpg,864,1152,daun,221,507,293,553
IMG_20180623_131401.jpg,864,1152,daun,95,548,215,575
IMG_20180623_131401.jpg,864,1152,daun,167,473,245,552
IMG_20180623_131401.jpg,864,1152,daun,327,415,350,553
IMG_20180623_131401.jpg,864,1152,daun,360,399,398,480
IMG_20180623_131401.jpg,864,1152,daun,420,458,440,517
IMG_20180623_131401.jpg,864,1152,daun,442,443,489,495
IMG_20180623_131401.jpg,864,1152,daun,326,759,349,855
IMG_20180623_131401.jpg,864,1152,daun,354,777,389,888
IMG_20180623_131401.jpg,864,1152,daun,451,787,495,866
IMG_20180623_131401.jpg,864,1152,daun,286,749,317,788
IMG_20180623_131401.jpg,864,1152,daun,220,712,293,745
IMG_20180623_131401.jpg,864,1152,daun,431,515,478,580
IMG_20180623_131401.jpg,864,1152,daun,529,498,573,530
IMG_20180623_131401.jpg,864,1152,daun,516,534,583,563
IMG_20180623_131401.jpg,864,1152,daun,577,630,652,642
IMG_20180623_131401.jpg,864,1152,daun,556,635,609,656
IMG_20180623_131401.jpg,864,1152,daun,568,654,625,676
IMG_20180623_131401.jpg,864,1152,daun,563,675,634,704
IMG_20180623_131401.jpg,864,1152,daun,370,746,417,785
IMG_20180623_131401.jpg,864,1152,daun,479,738,499,773
IMG_20180623_131401.jpg,864,1152,daun,481,728,510,756
IMG_20180623_131401.jpg,864,1152,daun,512,730,537,756
IMG_20180623_131401.jpg,864,1152,daun,190,594,231,614
IMG_20180623_131401.jpg,864,1152,daun,488,617,545,638
IMG_20180623_131401.jpg,864,1152,daun,378,592,392,625
IMG_20180623_131401.jpg,864,1152,daun,381,627,408,670
IMG_20180623_131401.jpg,864,1152,daun,319,634,338,667
IMG_20180623_131401.jpg,864,1152,daun,287,526,313,594
IMG_20180623_131401.jpg,864,1152,daun,240,460,263,499
IMG_20180623_131401.jpg,864,1152,daun,220,553,274,606
IMG_20180623_131401.jpg,864,1152,daun,212,578,253,607
IMG_20180623_131401.jpg,864,1152,daun,494,389,601,502
IMG_20180623_131401.jpg,864,1152,daun,384,681,409,712
IMG_20180623_131407.jpg,864,1152,daun,137,521,280,561
IMG_20180623_131407.jpg,864,1152,daun,247,458,311,519
IMG_20180623_131407.jpg,864,1152,daun,400,369,431,553
IMG_20180623_131407.jpg,864,1152,daun,438,443,473,540
IMG_20180623_131407.jpg,864,1152,daun,505,471,520,512
IMG_20180623_131407.jpg,864,1152,daun,522,427,568,493
IMG_20180623_131407.jpg,864,1152,daun,565,382,687,502
IMG_20180623_131407.jpg,864,1152,daun,592,508,699,555
IMG_20180623_131407.jpg,864,1152,daun,329,739,381,769
IMG_20180623_131407.jpg,864,1152,daun,244,618,304,640
IMG_20180623_131407.jpg,864,1152,daun,233,575,292,613
IMG_20180623_131407.jpg,864,1152,daun,309,472,348,537
IMG_20180623_131407.jpg,864,1152,daun,278,518,328,584
IMG_20180623_131407.jpg,864,1152,daun,601,754,650,789
IMG_20180623_131407.jpg,864,1152,daun,378,759,413,894
IMG_20180623_131407.jpg,864,1152,daun,590,771,634,844
IMG_20180623_131407.jpg,864,1152,daun,642,729,726,764
IMG_20180623_131407.jpg,864,1152,daun,728,705,763,763
IMG_20180623_131407.jpg,864,1152,daun,688,557,755,585
IMG_20180623_131407.jpg,864,1152,daun,647,571,692,594
IMG_20180623_131407.jpg,864,1152,daun,664,597,749,615
IMG_20180623_131407.jpg,864,1152,daun,605,596,661,614
IMG_20180623_131407.jpg,864,1152,daun,589,612,645,631
IMG_20180623_131407.jpg,864,1152,daun,498,629,555,651
IMG_20180623_131407.jpg,864,1152,daun,459,545,492,616
IMG_20180623_131407.jpg,864,1152,daun,706,615,803,630
IMG_20180623_131407.jpg,864,1152,daun,735,627,777,641
IMG_20180623_131407.jpg,864,1152,daun,258,666,330,703
IMG_20180623_131407.jpg,864,1152,daun,494,741,537,769
IMG_20180623_131407.jpg,864,1152,daun,489,676,560,704
IMG_20180623_131407.jpg,864,1152,daun,711,639,742,676
IMG_20180623_131415.jpg,864,1152,daun,411,380,436,467
IMG_20180623_131415.jpg,864,1152,daun,270,565,302,593
IMG_20180623_131415.jpg,864,1152,daun,266,541,313,567
IMG_20180623_131415.jpg,864,1152,daun,344,601,384,672
IMG_20180623_131415.jpg,864,1152,daun,373,574,388,601
IMG_20180623_131415.jpg,864,1152,daun,627,599,702,628
IMG_20180623_131415.jpg,864,1152,daun,686,554,732,617
IMG_20180623_131415.jpg,864,1152,daun,616,470,666,487
IMG_20180623_131415.jpg,864,1152,daun,549,397,650,473
IMG_20180623_131415.jpg,864,1152,daun,491,385,543,465
IMG_20180623_131415.jpg,864,1152,daun,443,443,474,488
IMG_20180623_131415.jpg,864,1152,daun,465,476,499,504
IMG_20180623_131415.jpg,864,1152,daun,464,497,518,530
IMG_20180623_131415.jpg,864,1152,daun,506,476,522,503
IMG_20180623_131415.jpg,864,1152,daun,279,457,321,477
IMG_20180623_131415.jpg,864,1152,daun,337,492,391,543
IMG_20180623_131415.jpg,864,1152,daun,327,540,354,552
IMG_20180623_131415.jpg,864,1152,daun,570,620,611,636
IMG_20180623_131415.jpg,864,1152,daun,399,471,415,510
IMG_20180623_131415.jpg,864,1152,daun,190,479,306,515
IMG_20180623_131415.jpg,864,1152,daun,308,477,334,513
IMG_20180623_131415.jpg,864,1152,daun,356,425,384,480
IMG_20180623_131415.jpg,864,1152,daun,531,521,570,566
IMG_20180623_131421.jpg,864,1152,daun,523,339,682,479
IMG_20180623_131421.jpg,864,1152,daun,356,318,387,478
IMG_20180623_131421.jpg,864,1152,daun,125,467,236,498
IMG_20180623_131421.jpg,864,1152,daun,199,407,272,466
IMG_20180623_131421.jpg,864,1152,daun,318,693,341,837
IMG_20180623_131421.jpg,864,1152,daun,356,690,379,786
IMG_20180623_131421.jpg,864,1152,daun,478,716,518,806
IMG_20180623_131421.jpg,864,1152,daun,555,479,659,522
IMG_20180623_131421.jpg,864,1152,daun,487,391,520,436
IMG_20180623_131421.jpg,864,1152,daun,462,415,482,457
IMG_20180623_131421.jpg,864,1152,daun,573,522,656,549
IMG_20180623_131421.jpg,864,1152,daun,312,486,346,557
IMG_20180623_131421.jpg,864,1152,daun,393,514,437,588
IMG_20180623_131421.jpg,864,1152,daun,391,375,436,503
IMG_20180623_131424.jpg,864,1152,daun,360,366,388,517
IMG_20180623_131424.jpg,864,1152,daun,391,403,431,477
IMG_20180623_131424.jpg,864,1152,daun,124,534,250,562
IMG_20180623_131424.jpg,864,1152,daun,199,463,270,518
IMG_20180623_131424.jpg,864,1152,daun,377,740,405,865
IMG_20180623_131424.jpg,864,1152,daun,251,687,324,725
IMG_20180623_131424.jpg,864,1152,daun,324,644,379,703
IMG_20180623_131424.jpg,864,1152,daun,421,558,438,600
IMG_20180623_131424.jpg,864,1152,daun,461,437,482,514
IMG_20180623_131424.jpg,864,1152,daun,481,436,509,490
IMG_20180623_131424.jpg,864,1152,daun,497,442,524,473
IMG_20180623_131424.jpg,864,1152,daun,588,486,639,515
IMG_20180623_131424.jpg,864,1152,daun,581,512,639,547
IMG_20180623_131424.jpg,864,1152,daun,620,519,640,530
IMG_20180623_131424.jpg,864,1152,daun,251,526,290,572
IMG_20180623_131424.jpg,864,1152,daun,322,523,349,581
IMG_20180623_131424.jpg,864,1152,daun,411,743,440,825
IMG_20180623_131424.jpg,864,1152,daun,520,752,570,830
IMG_20180623_131424.jpg,864,1152,daun,551,714,585,744
IMG_20180623_131424.jpg,864,1152,daun,604,696,657,714
IMG_20180623_131424.jpg,864,1152,daun,664,694,685,738
IMG_20180623_131424.jpg,864,1152,daun,655,583,730,600
IMG_20180623_131424.jpg,864,1152,daun,327,734,362,773
IMG_20180623_131424.jpg,864,1152,daun,231,601,282,629
IMG_20180623_131424.jpg,864,1152,daun,222,565,276,595
IMG_20180623_131424.jpg,864,1152,daun,225,572,261,600
IMG_20180623_131424.jpg,864,1152,daun,573,552,688,583
IMG_20180623_131424.jpg,864,1152,daun,468,590,540,608
IMG_20180623_131424.jpg,864,1152,daun,457,614,513,637
IMG_20180623_131424.jpg,864,1152,daun,398,479,412,523
IMG_20180623_131424.jpg,864,1152,daun,278,452,313,508
IMG_20180623_131424.jpg,864,1152,daun,392,597,409,637
IMG_20180623_131427.jpg,864,1152,daun,120,413,246,447
IMG_20180623_131427.jpg,864,1152,daun,204,329,300,416
IMG_20180623_131427.jpg,864,1152,daun,419,254,452,400
IMG_20180623_131427.jpg,864,1152,daun,481,320,497,408
IMG_20180623_131427.jpg,864,1152,daun,498,313,564,372
IMG_20180623_131427.jpg,864,1152,daun,359,644,384,734
IMG_20180623_131427.jpg,864,1152,daun,385,653,412,773
IMG_20180623_131427.jpg,864,1152,daun,475,672,515,770
IMG_20180623_131427.jpg,864,1152,daun,315,620,362,663
IMG_20180623_131427.jpg,864,1152,daun,242,592,338,627
IMG_20180623_131427.jpg,864,1152,daun,476,388,541,458
IMG_20180623_131427.jpg,864,1152,daun,610,485,687,512
IMG_20180623_131427.jpg,864,1152,daun,563,475,612,497
IMG_20180623_131427.jpg,864,1152,daun,657,515,723,538
IMG_20180623_131427.jpg,864,1152,daun,646,534,682,552
IMG_20180623_131427.jpg,864,1152,daun,571,545,668,583
IMG_20180623_131427.jpg,864,1152,daun,601,591,645,610
IMG_20180623_131427.jpg,864,1152,daun,524,613,557,649
IMG_20180623_131427.jpg,864,1152,daun,418,505,462,553
IMG_20180623_131427.jpg,864,1152,daun,389,475,416,538
IMG_20180623_131427.jpg,864,1152,daun,565,279,710,398
IMG_20180623_131427.jpg,864,1152,daun,370,272,402,427
IMG_20180623_131427.jpg,864,1152,daun,326,388,358,485
IMG_20180623_131427.jpg,864,1152,daun,283,549,308,580
IMG_20180623_131427.jpg,864,1152,daun,437,601,490,662
IMG_20180623_131427.jpg,864,1152,daun,409,324,427,383
